number_of_matches,noise_std,Basic Stitching,Simple Graph Stitching,Edge Averaging Stitching,Multi-Graph Stitching,Multi-Patch Stitching,Multi-Patch Edge Averaging Stitching,Experiments
10,3,0.073110376177164,0.0333668425890384,0.0094239068963217,0.0094239068963189,0.0239120624951822,0.0239120624951825,1.0
10,10,0.28885310362709393,0.17688014141947464,0.04909302113346264,0.04909302113345999,0.08940916537131705,0.08940916537131811,1.0
