number_of_matches,noise_std,Basic Stitching,Simple Graph Stitching,Edge Averaging Stitching,Multi-Graph Stitching,Multi-Patch Stitching,Multi-Patch Edge Averaging Stitching,Experiments
10,0.03,2.8955052604866984,0.0585525657788719,0.0245774744297133,0.0245774744298213,6.5227239167497,5.792026941399132,1.0
10,5.0,2.7791136138213366,2.043350565195999,1.4964221682339325,1.4964221682340009,3.2798523841805585,3.904466644683012,1.0
